SQL> -- NAME OF THE EMPLOYEE AND HIS LOCATION OF ALL THE EMPLOYEES.
SQL> SELECT ENAME,LOC
  2  FROM EMP,DEPT
  3  WHERE EMP.DEPTNO = DEPT.DEPTNO;

ENAME      LOC                                                                                                                                                                                                                                                                                                                                                                                                                                                                                                                                                                                                                                                                                                                                                                                                                                                                                                                                                                                                                          
---------- -------------                                                                                                                                                                                                                                                                                                                                                                                                                                                                                                                                                                                                                                                                                                                                                                                                                                                                                                                                                                                                                
ALLEN      CHICAGO                                                                                                                                                                                                                                                                                                                                                                                                                                                                                                                                                                                                                                                                                                                                                                                                                                                                                                                                                                                                                      
WARD       CHICAGO                                                                                                                                                                                                                                                                                                                                                                                                                                                                                                                                                                                                                                                                                                                                                                                                                                                                                                                                                                                                                      
JONES      DALLAS                                                                                                                                                                                                                                                                                                                                                                                                                                                                                                                                                                                                                                                                                                                                                                                                                                                                                                                                                                                                                       
MARTIN     CHICAGO                                                                                                                                                                                                                                                                                                                                                                                                                                                                                                                                                                                                                                                                                                                                                                                                                                                                                                                                                                                                                      
BLAKE      CHICAGO                                                                                                                                                                                                                                                                                                                                                                                                                                                                                                                                                                                                                                                                                                                                                                                                                                                                                                                                                                                                                      
CLARK      NEW YORK                                                                                                                                                                                                                                                                                                                                                                                                                                                                                                                                                                                                                                                                                                                                                                                                                                                                                                                                                                                                                     
SCOTT      DALLAS                                                                                                                                                                                                                                                                                                                                                                                                                                                                                                                                                                                                                                                                                                                                                                                                                                                                                                                                                                                                                       
KING       NEW YORK                                                                                                                                                                                                                                                                                                                                                                                                                                                                                                                                                                                                                                                                                                                                                                                                                                                                                                                                                                                                                     
TURNER     CHICAGO                                                                                                                                                                                                                                                                                                                                                                                                                                                                                                                                                                                                                                                                                                                                                                                                                                                                                                                                                                                                                      
ADAMS      DALLAS                                                                                                                                                                                                                                                                                                                                                                                                                                                                                                                                                                                                                                                                                                                                                                                                                                                                                                                                                                                                                       
JAMES      CHICAGO                                                                                                                                                                                                                                                                                                                                                                                                                                                                                                                                                                                                                                                                                                                                                                                                                                                                                                                                                                                                                      
FORD       DALLAS                                                                                                                                                                                                                                                                                                                                                                                                                                                                                                                                                                                                                                                                                                                                                                                                                                                                                                                                                                                                                       
MILLER     NEW YORK                                                                                                                                                                                                                                                                                                                                                                                                                                                                                                                                                                                                                                                                                                                                                                                                                                                                                                                                                                                                                     
SMITH      DALLAS                                                                                                                                                                                                                                                                                                                                                                                                                                                                                                                                                                                                                                                                                                                                                                                                                                                                                                                                                                                                                       

14 rows selected.

SQL> -- WAQTD DNAME AND SALARY FOR ALL THE EMPLOYEE WORKING IN ACCOUNTING
SQL> SELECT DNAME,SAL
  2  FROM DEPT,EMP
  3  WHERE DEPT.DEPTNO = EMP.DEPTNO AND DEPT.DNAME = 'ACCOUNTING';

DNAME                 SAL                                                                                                                                                                                                                                                                                                                                                                                                                                                                                                                                                                                                                                                                                                                                                                                                                                                                                                                                                                                                               
-------------- ----------                                                                                                                                                                                                                                                                                                                                                                                                                                                                                                                                                                                                                                                                                                                                                                                                                                                                                                                                                                                                               
ACCOUNTING           2450                                                                                                                                                                                                                                                                                                                                                                                                                                                                                                                                                                                                                                                                                                                                                                                                                                                                                                                                                                                                               
ACCOUNTING           5000                                                                                                                                                                                                                                                                                                                                                                                                                                                                                                                                                                                                                                                                                                                                                                                                                                                                                                                                                                                                               
ACCOUNTING           1300                                                                                                                                                                                                                                                                                                                                                                                                                                                                                                                                                                                                                                                                                                                                                                                                                                                                                                                                                                                                               

SQL> -- WAQTD DNAME AND ANNUAL SALARY FOR ALL EMPLOYEES WHO'S SALARY IS MORE THAN 2340
SQL> SELECT DNAME,SAL*12 "ANN_SAL"
  2  FROM DEPT,EMP
  3  WHERE DEPT.DEPTNO = EMP.DEPTNO AND SAL > 2340;

DNAME             ANN_SAL                                                                                                                                                                                                                                                                                                                                                                                                                                                                                                                                                                                                                                                                                                                                                                                                                                                                                                                                                                                                               
-------------- ----------                                                                                                                                                                                                                                                                                                                                                                                                                                                                                                                                                                                                                                                                                                                                                                                                                                                                                                                                                                                                               
RESEARCH            35700                                                                                                                                                                                                                                                                                                                                                                                                                                                                                                                                                                                                                                                                                                                                                                                                                                                                                                                                                                                                               
SALES               34200                                                                                                                                                                                                                                                                                                                                                                                                                                                                                                                                                                                                                                                                                                                                                                                                                                                                                                                                                                                                               
ACCOUNTING          29400                                                                                                                                                                                                                                                                                                                                                                                                                                                                                                                                                                                                                                                                                                                                                                                                                                                                                                                                                                                                               
RESEARCH            36000                                                                                                                                                                                                                                                                                                                                                                                                                                                                                                                                                                                                                                                                                                                                                                                                                                                                                                                                                                                                               
ACCOUNTING          60000                                                                                                                                                                                                                                                                                                                                                                                                                                                                                                                                                                                                                                                                                                                                                                                                                                                                                                                                                                                                               
RESEARCH            36000                                                                                                                                                                                                                                                                                                                                                                                                                                                                                                                                                                                                                                                                                                                                                                                                                                                                                                                                                                                                               

6 rows selected.

SQL> -- WAQTD ENAME AND DNAME FOR EMPLOYEES HAVING CHARACTER 'A' IN THEIR DNAME
SQL> SELECT ENAME,DNAME
  2  FROM EMP,DEPT
  3  WHERE EMP.DEPTNO = DEPT.DEPTNO AND DNAME LIKE '%A%';

ENAME      DNAME                                                                                                                                                                                                                                                                                                                                                                                                                                                                                                                                                                                                                                                                                                                                                                                                                                                                                                                                                                                                                        
---------- --------------                                                                                                                                                                                                                                                                                                                                                                                                                                                                                                                                                                                                                                                                                                                                                                                                                                                                                                                                                                                                               
ALLEN      SALES                                                                                                                                                                                                                                                                                                                                                                                                                                                                                                                                                                                                                                                                                                                                                                                                                                                                                                                                                                                                                        
WARD       SALES                                                                                                                                                                                                                                                                                                                                                                                                                                                                                                                                                                                                                                                                                                                                                                                                                                                                                                                                                                                                                        
JONES      RESEARCH                                                                                                                                                                                                                                                                                                                                                                                                                                                                                                                                                                                                                                                                                                                                                                                                                                                                                                                                                                                                                     
MARTIN     SALES                                                                                                                                                                                                                                                                                                                                                                                                                                                                                                                                                                                                                                                                                                                                                                                                                                                                                                                                                                                                                        
BLAKE      SALES                                                                                                                                                                                                                                                                                                                                                                                                                                                                                                                                                                                                                                                                                                                                                                                                                                                                                                                                                                                                                        
CLARK      ACCOUNTING                                                                                                                                                                                                                                                                                                                                                                                                                                                                                                                                                                                                                                                                                                                                                                                                                                                                                                                                                                                                                   
SCOTT      RESEARCH                                                                                                                                                                                                                                                                                                                                                                                                                                                                                                                                                                                                                                                                                                                                                                                                                                                                                                                                                                                                                     
KING       ACCOUNTING                                                                                                                                                                                                                                                                                                                                                                                                                                                                                                                                                                                                                                                                                                                                                                                                                                                                                                                                                                                                                   
TURNER     SALES                                                                                                                                                                                                                                                                                                                                                                                                                                                                                                                                                                                                                                                                                                                                                                                                                                                                                                                                                                                                                        
ADAMS      RESEARCH                                                                                                                                                                                                                                                                                                                                                                                                                                                                                                                                                                                                                                                                                                                                                                                                                                                                                                                                                                                                                     
JAMES      SALES                                                                                                                                                                                                                                                                                                                                                                                                                                                                                                                                                                                                                                                                                                                                                                                                                                                                                                                                                                                                                        
FORD       RESEARCH                                                                                                                                                                                                                                                                                                                                                                                                                                                                                                                                                                                                                                                                                                                                                                                                                                                                                                                                                                                                                     
MILLER     ACCOUNTING                                                                                                                                                                                                                                                                                                                                                                                                                                                                                                                                                                                                                                                                                                                                                                                                                                                                                                                                                                                                                   
SMITH      RESEARCH                                                                                                                                                                                                                                                                                                                                                                                                                                                                                                                                                                                                                                                                                                                                                                                                                                                                                                                                                                                                                     

14 rows selected.

SQL> -- WAQTD ENAME AND DNAME FOR ALL THE EMPLOYEES WORKING AS SALESMAN
SQL> SELECT ENAME,DNAME
  2  FROM EMP,DEPT
  3  WHERE EMP.DEPTNO = DEPT.DEPTNO AND JOB = 'SALESMAN';

ENAME      DNAME                                                                                                                                                                                                                                                                                                                                                                                                                                                                                                                                                                                                                                                                                                                                                                                                                                                                                                                                                                                                                        
---------- --------------                                                                                                                                                                                                                                                                                                                                                                                                                                                                                                                                                                                                                                                                                                                                                                                                                                                                                                                                                                                                               
TURNER     SALES                                                                                                                                                                                                                                                                                                                                                                                                                                                                                                                                                                                                                                                                                                                                                                                                                                                                                                                                                                                                                        
MARTIN     SALES                                                                                                                                                                                                                                                                                                                                                                                                                                                                                                                                                                                                                                                                                                                                                                                                                                                                                                                                                                                                                        
WARD       SALES                                                                                                                                                                                                                                                                                                                                                                                                                                                                                                                                                                                                                                                                                                                                                                                                                                                                                                                                                                                                                        
ALLEN      SALES                                                                                                                                                                                                                                                                                                                                                                                                                                                                                                                                                                                                                                                                                                                                                                                                                                                                                                                                                                                                                        

SQL> -- WAQTD DNAME AND JOB FOR ALL THE EMPLOYEES WHO'S JOB AND DNAME STARTS WITH CHARACTER 'S'
SQL> SELECT DNAME,JOB
  2  FROM DEPT,EMP
  3  WHERE DEPT.DEPTNO = EMP.DEPTNO AND JOB LIKE 'S%' AND DNAME LIKE 'S%';

DNAME          JOB                                                                                                                                                                                                                                                                                                                                                                                                                                                                                                                                                                                                                                                                                                                                                                                                                                                                                                                                                                                                                      
-------------- ---------                                                                                                                                                                                                                                                                                                                                                                                                                                                                                                                                                                                                                                                                                                                                                                                                                                                                                                                                                                                                                
SALES          SALESMAN                                                                                                                                                                                                                                                                                                                                                                                                                                                                                                                                                                                                                                                                                                                                                                                                                                                                                                                                                                                                                 
SALES          SALESMAN                                                                                                                                                                                                                                                                                                                                                                                                                                                                                                                                                                                                                                                                                                                                                                                                                                                                                                                                                                                                                 
SALES          SALESMAN                                                                                                                                                                                                                                                                                                                                                                                                                                                                                                                                                                                                                                                                                                                                                                                                                                                                                                                                                                                                                 
SALES          SALESMAN                                                                                                                                                                                                                                                                                                                                                                                                                                                                                                                                                                                                                                                                                                                                                                                                                                                                                                                                                                                                                 

SQL> -- WAQTD DNAME AND MGR NO FOR EMPLOYEES REPORTING TO 7839
SQL> SELECT DNAME,MGR
  2  FROM DEPT,EMP
  3  WHERE DEPT.DEPTNO = EMP.DEPTNO AND EMP.MGR = 7839;

DNAME                 MGR                                                                                                                                                                                                                                                                                                                                                                                                                                                                                                                                                                                                                                                                                                                                                                                                                                                                                                                                                                                                               
-------------- ----------                                                                                                                                                                                                                                                                                                                                                                                                                                                                                                                                                                                                                                                                                                                                                                                                                                                                                                                                                                                                               
ACCOUNTING           7839                                                                                                                                                                                                                                                                                                                                                                                                                                                                                                                                                                                                                                                                                                                                                                                                                                                                                                                                                                                                               
RESEARCH             7839                                                                                                                                                                                                                                                                                                                                                                                                                                                                                                                                                                                                                                                                                                                                                                                                                                                                                                                                                                                                               
SALES                7839                                                                                                                                                                                                                                                                                                                                                                                                                                                                                                                                                                                                                                                                                                                                                                                                                                                                                                                                                                                                               

SQL> -- WAQTD DNAME AND HIREDATE FOR EMPLOYEES HIRED AFTER 83 INTO ACCOUNTING OR RESEARCH DEPT
SQL> SELECT DNAME,HIREDATE
  2  FROM EMP,DEPT
  3  WHERE EMP.DEPTNO = DEPT.DEPTNO
  4  AND EMP.HIREDATE > DATE '1983-12-31'
  5  AND DEPT.DNAME IN ('ACCOUNTING','RESEARCH');

DNAME          HIREDATE                                                                                                                                                                                                                                                                                                                                                                                                                                                                                                                                                                                                                                                                                                                                                                                                                                                                                                                                                                                                                 
-------------- ---------                                                                                                                                                                                                                                                                                                                                                                                                                                                                                                                                                                                                                                                                                                                                                                                                                                                                                                                                                                                                                
RESEARCH       23-MAY-87                                                                                                                                                                                                                                                                                                                                                                                                                                                                                                                                                                                                                                                                                                                                                                                                                                                                                                                                                                                                                
RESEARCH       19-APR-87                                                                                                                                                                                                                                                                                                                                                                                                                                                                                                                                                                                                                                                                                                                                                                                                                                                                                                                                                                                                                

SQL> -- WAQTD ENAME AND DNAME OF THE EMPLOYEES WHO ARE GETTING COMM IN DEPT 10 OR 30
SQL> SELECT ENAME,DNAME
  2  FROM EMP,DEPT
  3  WHERE EMP.DEPTNO = DEPT.DEPTNO
  4  EMP.COMM > 0 AND EMP.DEPTNO IN (10,30);
EMP.COMM > 0 AND EMP.DEPTNO IN (10,30)
*
ERROR at line 4:
ORA-00933: SQL command not properly ended 


SQL> SELECT ENAME,DNAME
  2  FROM EMP,DEPT
  3  WHERE EMP.DEPTNO = DEPT.DEPTNO
  4  AND EMP.COMM > 0 AND EMP.DEPTNO IN (10,30);

ENAME      DNAME                                                                                                                                                                                                                                                                                                                                                                                                                                                                                                                                                                                                                                                                                                                                                                                                                                                                                                                                                                                                                        
---------- --------------                                                                                                                                                                                                                                                                                                                                                                                                                                                                                                                                                                                                                                                                                                                                                                                                                                                                                                                                                                                                               
MARTIN     SALES                                                                                                                                                                                                                                                                                                                                                                                                                                                                                                                                                                                                                                                                                                                                                                                                                                                                                                                                                                                                                        
WARD       SALES                                                                                                                                                                                                                                                                                                                                                                                                                                                                                                                                                                                                                                                                                                                                                                                                                                                                                                                                                                                                                        
ALLEN      SALES                                                                                                                                                                                                                                                                                                                                                                                                                                                                                                                                                                                                                                                                                                                                                                                                                                                                                                                                                                                                                        

SQL> -- WAQTD DNAME AND EMPNO FOR ALL THE EMPLOYEES WHO'S EMPNO ARE (7839,7902) AND ARE WORKING IN LOC NEW YORK.
SQL> SELECT DNAME,EMPNO
  2  FROM EMP,DEPT
  3  WHERE EMP.DEPTNO = DEPT.DEPTNO
  4  AND EMP.EMPNO IN (7839,7902)
  5  AND DEPT.LOC = 'NEW YORK';

DNAME               EMPNO                                                                                                                                                                                                                                                                                                                                                                                                                                                                                                                                                                                                                                                                                                                                                                                                                                                                                                                                                                                                               
-------------- ----------                                                                                                                                                                                                                                                                                                                                                                                                                                                                                                                                                                                                                                                                                                                                                                                                                                                                                                                                                                                                               
ACCOUNTING           7839                                                                                                                                                                                                                                                                                                                                                                                                                                                                                                                                                                                                                                                                                                                                                                                                                                                                                                                                                                                                               

SQL> SPOOL OFF
